{"cameraMode":{"drawMode":0,"name":"Shaded","section":"Shading Mode"},"sceneLighting":true,"audioPlay":false,"sceneViewState":{"m_AlwaysRefresh":false,"showFog":true,"showSkybox":true,"showFlares":true,"showImageEffects":true,"showParticleSystems":true,"showVisualEffectGraphs":true,"m_FxEnabled":true},"in2DMode":false,"pivot":{"x":2.578305721282959,"y":1.8662943840026856,"z":-10.325179100036621},"rotation":{"x":-0.19963979721069337,"y":0.008825034834444523,"z":-0.0017984329024329782,"w":-0.9798172116279602},"size":7.031607627868652,"orthographic":false}